Workbook

Sheet OBJETIVOS
A2: LIDERAZGO EN SEGURIDAD
A3: MANIOBRAS
A4: N° | B4: NOMBRE | C4: CARGO | D4: META
D5: SALVA | E5: AUD. PTS y AST | F5: Ins.de EPP y EPC | G5: Ins. de Arnés y Línea de Vida | H5: Ins. de Accesorios de Izamiento | I5: Ins. taller DE MANIOBRAS | J5: Ins., Check List, de Winche | K5: Ins., Check List, Carro de Varada | L5: Ins., Escaleras de acceso a las embarcaciones
A6: 1 | B6: ARMANDO SANCHEZ CRUZ | C6: SUPERVISOR DE MANIOBRAS | D6: 4 | E6: 6 | F6: 1 | G6: 1 | H6: 1 | I6: 1 | J6: 1 | K6: 1 | L6: 1
A7: 2 | B7: BURGOS ESPINOZA, JEINER | C7: MANIOBRISTA | D7: 2
A8: 3 | B8: FLORES CONTRERAS, DANIEL | C8: MANIOBRISTA | D8: 2
A9: 4 | B9: MELGAREJO ARROYO, EDWIN L | C9: MANIOBRISTA | D9: 2
A10: 5 | B10: REYES LIÑAN, PEDRO | C10: MANIOBRISTA/RIGER | D10: 2
A11: 6 | B11: SALAZAR AZNARAN, LARRY | C11: MANIOBRISTA | D11: 2
A12: 7 | B12: SALVATIERRA LEON, ALFREDO | C12: MANIOBRISTA/RIGER | D12: 2
A13: 8 | B13: VELASQUEZ MONZON, MAXIMO RAUL | C13: MANIOBRISTA | D13: 2
A14: 9 | B14: ARMIJO RODRIGUEZ, MILTON ANGEL | C14: MANIOBRISTA | D14: 2

Sheet BASE DE DATOS
A1: FECHA | B1: NOMBRE | C1: TIPO DE OBJETIVO | D1: RESULTADO | E1: META | F1: % CUMPLIMIENTO | G1: SUSTENTO
A2: 44957 | B2: ARMANDO SANCHEZ | C2: SALVA | D2: 7 | E2: 4 | F2: ='BASE DE DATOS'!$D2/'BASE DE DATOS'!$E2 -> 1.75
A3: 44957 | B3: ARMANDO SANCHEZ | C3: AUD. PTS y AST | D3: 1 | E3: 6 | F3: ='BASE DE DATOS'!$D3/'BASE DE DATOS'!$E3 -> 0.16666667
A4: 44957 | B4: ARMANDO SANCHEZ | C4: Ins.de EPP y EPC | D4: 1 | E4: 1 | F4: ='BASE DE DATOS'!$D4/'BASE DE DATOS'!$E4 -> 1
A5: 44957 | B5: ARMANDO SANCHEZ | C5: Ins. de Arnés y Línea de Vida | D5: 1 | E5: 1 | F5: ='BASE DE DATOS'!$D5/'BASE DE DATOS'!$E5 -> 1
A6: 44957 | B6: ARMANDO SANCHEZ | C6: Ins. de Accesorios de Izamiento | D6: 1 | E6: 1 | F6: ='BASE DE DATOS'!$D6/'BASE DE DATOS'!$E6 -> 1
A7: 44957 | B7: ARMANDO SANCHEZ | C7: Ins. taller DE MANIOBRAS | D7: 1 | E7: 1 | F7: ='BASE DE DATOS'!$D7/'BASE DE DATOS'!$E7 -> 1
A8: 44957 | B8: ARMANDO SANCHEZ | C8: Ins., Check List, de Winche | D8: 1 | E8: 1 | F8: ='BASE DE DATOS'!$D8/'BASE DE DATOS'!$E8 -> 1
A9: 44957 | B9: ARMANDO SANCHEZ | C9: Ins., Check List, Carro de Varada | D9: 1 | E9: 1 | F9: ='BASE DE DATOS'!$D9/'BASE DE DATOS'!$E9 -> 1
A10: 44957 | B10: JEINER BURGOS | C10: Salva | D10: 2 | E10: 2 | F10: ='BASE DE DATOS'!$D10/'BASE DE DATOS'!$E10 -> 1
A11: 44957 | B11: DANIEL FLORES | C11: Salva | D11: 2 | E11: 2 | F11: ='BASE DE DATOS'!$D11/'BASE DE DATOS'!$E11 -> 1
A12: 44957 | B12: EDUWIN MELGAREJO | C12: Salva | D12: 2 | E12: 2 | F12: ='BASE DE DATOS'!$D12/'BASE DE DATOS'!$E12 -> 1
A13: 44957 | B13: PEDRO REYES | C13: Salva | D13: 4 | E13: 2 | F13: ='BASE DE DATOS'!$D13/'BASE DE DATOS'!$E13 -> 2
... A100: 45473 | B100: ALAN MARQUINA | C100: Salva | D100: 2 | E100: 2 | F100: ='BASE DE DATOS'!$D100/'BASE DE DATOS'!$E100 -> 1
A101: 45473 | B101: RAUL VELASQUEZ | C101: Salva | D101: 0 | E101: 0 | F101: ='BASE DE DATOS'!$D101/'BASE DE DATOS'!$E101 -> #DIV/0! | G101: Vacaciones
A102: 45473 | B102: MILTON ARMIJO | C102: Salva | D102: 2 | E102: 2 | F102: ='BASE DE DATOS'!$D102/'BASE DE DATOS'!$E102 -> 1
A103: 45473 | B103: ANDRE ASIAN | C103: Salva | D103: 3 | E103: 2 | F103: ='BASE DE DATOS'!$D103/'BASE DE DATOS'!$E103 -> 1.5
A104: 45504 | B104: ARMANDO SANCHEZ | C104: SALVA | D104: 5 | E104: 4 | F104: ='BASE DE DATOS'!$D104/'BASE DE DATOS'!$E104 -> 1.25
A105: 45504 | B105: ARMANDO SANCHEZ | C105: AUD. PTS y AST | D105: 3 | E105: 6 | F105: ='BASE DE DATOS'!$D105/'BASE DE DATOS'!$E105 -> 0.5
A106: 45504 | B106: ARMANDO SANCHEZ | C106: Ins.de EPP y EPC | D106: 1 | E106: 1 | F106: ='BASE DE DATOS'!$D106/'BASE DE DATOS'!$E106 -> 1
A107: 45504 | B107: ARMANDO SANCHEZ | C107: Ins. de Arnés y Línea de Vida | D107: 1 | E107: 1 | F107: ='BASE DE DATOS'!$D107/'BASE DE DATOS'!$E107 -> 1
A108: 45504 | B108: ARMANDO SANCHEZ | C108: Ins. de Accesorios de Izamiento | D108: 1 | E108: 1 | F108: ='BASE DE DATOS'!$D108/'BASE DE DATOS'!$E108 -> 1
A109: 45504 | B109: ARMANDO SANCHEZ | C109: Ins. taller DE MANIOBRAS | D109: 1 | E109: 1 | F109: ='BASE DE DATOS'!$D109/'BASE DE DATOS'!$E109 -> 1
A110: 45504 | B110: ARMANDO SANCHEZ | C110: Ins., Check List, de Winche | D110: 1 | E110: 1 | F110: ='BASE DE DATOS'!$D110/'BASE DE DATOS'!$E110 -> 1
A111: 45504 | B111: ARMANDO SANCHEZ | C111: Ins., Check List, Carro de Varada | D111: 1 | E111: 1 | F111: ='BASE DE DATOS'!$D111/'BASE DE DATOS'!$E111 -> 1
A112: 45504 | B112: JEINER BURGOS | C112: Salva | D112: 2 | E112: 2 | F112: ='BASE DE DATOS'!$D112/'BASE DE DATOS'!$E112 -> 1
A113: 45504 | B113: DANIEL FLORES | C113: Salva | D113: 2 | E113: 2 | F113: ='BASE DE DATOS'!$D113/'BASE DE DATOS'!$E113 -> 1
... A187: 45626 | B187: EDUWIN MELGAREJO | C187: Salva | D187: 2 | E187: 2 | F187: ='BASE DE DATOS'!$D187/'BASE DE DATOS'!$E187 -> 1
A188: 45626 | B188: PEDRO REYES | C188: Salva | D188: 0 | E188: 0 | G188: Vacaciones
A189: 45626 | B189: LARRY SALAZAR | C189: Salva | D189: 2 | E189: 2 | F189: ='BASE DE DATOS'!$D189/'BASE DE DATOS'!$E189 -> 1
A190: 45626 | B190: ALFREDO SALVATIERRA | C190: Salva | D190: 2 | E190: 2 | F190: ='BASE DE DATOS'!$D190/'BASE DE DATOS'!$E190 -> 1
A191: 45626 | B191: ALAN MARQUINA | C191: Salva | D191: 2 | E191: 2 | F191: ='BASE DE DATOS'!$D191/'BASE DE DATOS'!$E191 -> 1
A192: 45626 | B192: RAUL VELASQUEZ | C192: Salva | D192: 2 | E192: 2 | F192: ='BASE DE DATOS'!$D192/'BASE DE DATOS'!$E192 -> 1
A193: 45626 | B193: MILTON ARMIJO | C193: Salva | D193: 0 | E193: 2 | F193: ='BASE DE DATOS'!$D193/'BASE DE DATOS'!$E193 -> 0
A194: 45626 | B194: ANDRE ASIAN | C194: Salva | D194: 0 | E194: 2 | F194: ='BASE DE DATOS'!$D194/'BASE DE DATOS'!$E194 -> 0
A195: 45626 | B195: ALEX ALBITRE | C195: Salva | D195: 7 | E195: 2 | F195: ='BASE DE DATOS'!$D195/'BASE DE DATOS'!$E195 -> 3.5
